{
  "train_loss": [
    0.45694930217991075,
    0.2867422653038094,
    0.2594437899910556,
    0.23529174779619283,
    0.2249064690316499,
    0.2291476514624395,
    0.2229280751339426,
    0.216569326513654,
    0.21575801074504852,
    0.21056558254897684,
    0.21424079340362692,
    0.2099551755748971,
    0.21775898628173546,
    0.21366570071625818,
    0.20744796329475207,
    0.21119467544393353,
    0.2072205878061534,
    0.21228012370450053,
    0.20786844209715746,
    0.20870054146886413
  ],
  "val_loss": [
    0.30515945536674516,
    0.26970862684397245,
    0.24165251791871936,
    0.22937477674442147,
    0.22102546639263498,
    0.223226656845337,
    0.21929371429331782,
    0.21386738526110619,
    0.21217882212160966,
    0.21139077911313797,
    0.20983682641919876,
    0.2085968428363337,
    0.2074970534568854,
    0.20681361646841692,
    0.2064797476953755,
    0.20767182848574572,
    0.20700806300371688,
    0.2079752991531069,
    0.20719767853650561,
    0.2060240518967837
  ],
  "train_acc": [
    0.8290468986384266,
    0.9591527987897126,
    0.9757942511346445,
    0.9909228441754917,
    0.9969742813918305,
    0.9954614220877458,
    0.9939485627836612,
    0.9969742813918305,
    0.9969742813918305,
    1.0,
    0.9984871406959153,
    1.0,
    0.9969742813918305,
    0.9954614220877458,
    1.0,
    1.0,
    1.0,
    0.9984871406959153,
    1.0,
    1.0
  ],
  "val_acc": [
    0.9580573951434879,
    0.9668874172185431,
    0.9933774834437086,
    0.9889624724061811,
    0.9911699779249448,
    0.9911699779249448,
    0.9933774834437086,
    0.9955849889624724,
    0.9955849889624724,
    0.9955849889624724,
    0.9955849889624724,
    0.9977924944812362,
    0.9977924944812362,
    0.9977924944812362,
    0.9977924944812362,
    0.9977924944812362,
    0.9977924944812362,
    0.9955849889624724,
    0.9977924944812362,
    0.9977924944812362
  ]
}